jid,true,pred
JVASP-57800,140.441,105.22145307828457
JVASP-14810,17.829,18.25134746351858
JVASP-56261,29.813,52.22564633070952
JVASP-15518,141.75,77.51749582145801
JVASP-78266,0.0,47.77138537633819
JVASP-18146,66.346,38.58128775054476
JVASP-49801,79.953,86.68891242782622
JVASP-7717,0.0,4.473376081078551
JVASP-20082,72.696,55.67670417512351
JVASP-15495,22.81,50.64585222526809
JVASP-37737,23.378,42.12765227430457
JVASP-53665,31.47,48.10179368571263
JVASP-28485,142.536,152.28925765000966
JVASP-36308,154.975,72.48517740151911
JVASP-34278,87.349,76.04018661550393
JVASP-19730,14.06,21.062125782882255
JVASP-38319,105.545,54.59243421558279
JVASP-67096,111.334,104.44936650031111
JVASP-68051,24.152,31.828247335081304
JVASP-31192,12.155,32.71264365691056
JVASP-38629,100.347,44.206567925610464
JVASP-29475,120.728,81.61295082946472
JVASP-14229,79.9,84.90443410012166
JVASP-78571,23.408,18.710133665254524
JVASP-15124,8.842,55.62649025824186
JVASP-15783,173.772,74.10963603909636
JVASP-22638,52.247,50.85345476430027
JVASP-78944,158.554,84.50418291548291
JVASP-35065,118.762,103.14094381450101
JVASP-39538,0.338,16.192303689381795
JVASP-68020,75.731,64.42460154833499
JVASP-8557,26.927,56.40922390881179
JVASP-41813,129.112,105.02611580785818
JVASP-56829,21.701,66.64687132003333
JVASP-42639,21.94,62.28527393997887
JVASP-78418,0.0,3.4717114670019793
JVASP-7648,2.49,33.70932281701642
JVASP-14809,73.378,28.93522991376232
JVASP-1402,0.0,2.42289776838644
JVASP-52431,26.287,56.18982527138025
JVASP-35040,72.042,67.36633962488538
JVASP-67473,192.149,97.69097904235517
JVASP-8717,40.015,33.537424553377704
JVASP-38514,2.351,6.493224350595028
JVASP-36650,10.95,26.899219798819004
JVASP-67855,30.373,62.79584324331669
JVASP-15905,0.001,-4.723603053350148
JVASP-57482,149.309,83.82795778222948
JVASP-36118,0.857,16.62809654675024
JVASP-2775,36.739,84.65302856799454
JVASP-63641,32.153,48.56498500956395
JVASP-40389,49.516,60.41369406557323
JVASP-8710,42.926,79.59390771972447
JVASP-35533,109.016,103.2758842812139
JVASP-36370,0.0,7.611785924371415
JVASP-14558,147.888,59.527737064673126
JVASP-16139,11.597,43.34026821269393
JVASP-18630,18.446,56.60480636036511
JVASP-15214,25.201,73.8485529041119
JVASP-12860,44.178,84.53233790729271
JVASP-18446,42.423,47.43704569125927
JVASP-2991,9.377,46.67142419195521
JVASP-7814,84.308,35.974176123814296
JVASP-56900,20.543,61.033174493549616
JVASP-365,28.028,56.486873328819264
JVASP-8136,180.308,71.51489292141042
JVASP-31290,53.211,42.22629580500758
JVASP-68183,67.729,127.26338712957596
JVASP-36460,95.682,76.96510589592828
JVASP-7630,0.0,26.07786128692659
JVASP-49898,129.648,94.74957411358989
JVASP-36979,13.307,56.03357324791497
JVASP-78370,0.0,54.994027582648805
JVASP-3054,30.7,50.41798735326486
JVASP-10158,32.798,70.87155299511787
JVASP-18174,159.105,67.40928553699706
JVASP-4564,64.868,82.59268372448003
JVASP-21724,166.18,114.30847996446758
JVASP-11238,92.97,68.78129931698551
JVASP-17947,76.09,86.56284193285036
JVASP-10229,47.843,46.015130012505516
JVASP-67719,80.668,97.4848603006769
JVASP-67952,134.926,95.79446047476834
JVASP-39310,6.288,50.64436152228786
JVASP-2967,18.762,41.84772549287958
JVASP-16060,40.023,44.812822536154926
JVASP-26725,155.712,96.68546069594295
JVASP-1825,10.713,34.20588791891146
JVASP-3468,187.086,149.23687037353636
JVASP-37878,171.444,78.71491414365458
JVASP-16122,178.937,108.4985319843626
JVASP-40481,108.175,113.19537283034839
JVASP-35750,84.446,40.54791694532661
JVASP-8009,0.0,-1.639027131560661
JVASP-18536,163.568,78.4919531912727
JVASP-16068,37.72,58.917306649215625
JVASP-16752,60.178,45.48565161826634
JVASP-39457,23.666,35.30049050520179
JVASP-5368,86.954,142.99690196662698
JVASP-13219,68.38,72.09769926650154
JVASP-10638,78.701,82.95555541704664
JVASP-52113,24.936,73.23135394801318
JVASP-8423,171.173,100.79625836583901
JVASP-39982,66.776,52.61628719944695
JVASP-14496,27.409,65.19073461620852
JVASP-65503,180.826,123.11846041732986
JVASP-81186,121.287,69.49852097465822
JVASP-79309,0.0,54.48116722152583
JVASP-37687,22.563,52.637235887649844
JVASP-14802,9.668,44.35616464319563
JVASP-36094,177.995,111.86622366236868
JVASP-2430,77.67,77.67750285534112
JVASP-56994,62.261,67.5794398310503
JVASP-15340,34.866,67.47386612257954
JVASP-20490,6.622,42.73231585555699
JVASP-36325,79.85,56.42262014191453
JVASP-37733,3.783,7.519875846821999
JVASP-17744,84.772,83.89510127195962
JVASP-54769,125.436,102.68362539321329
JVASP-20464,72.289,56.86539433359468
JVASP-47210,126.071,78.98753787018615
JVASP-56667,50.805,62.741277862215895
JVASP-38597,47.151,5.372014378429899
JVASP-78386,0.0,1.0698372757852221
JVASP-67833,121.487,102.6037483640672
JVASP-1612,15.649,22.824619330346714
JVASP-36425,0.0,3.203934940956584
JVASP-41040,185.555,91.90135525092506
JVASP-3966,95.772,77.10126509748271
JVASP-67625,167.934,100.75706661126829
JVASP-18569,101.464,66.42335129267329
JVASP-78558,0.328,3.482185411949289
JVASP-69002,158.26,73.74551887620933
JVASP-35299,23.959,67.04106564114316
JVASP-12137,48.226,87.3125933298656
JVASP-65172,59.143,60.70698656240866
JVASP-8459,51.137,56.992822824034384
JVASP-15750,117.786,68.92964053693947
JVASP-18258,31.84,35.89932398853488
JVASP-78269,0.0,19.161812412479716
JVASP-16198,63.768,42.81162415738014
JVASP-1167,0.003,10.854458541286418
JVASP-5536,81.798,108.29040869894753
JVASP-17182,0.0,7.202677254183244
JVASP-37026,87.862,79.32900689223594
JVASP-15578,177.725,104.35553643609241
JVASP-8785,55.593,88.81288458494751
JVASP-69253,77.313,91.92124558054441
JVASP-46150,89.1,82.67342370491757
JVASP-36873,0.0,19.546656034860035
JVASP-18753,122.329,115.18566823150219
JVASP-28437,114.614,66.00618405869697
JVASP-2457,20.346,53.10764675084269
JVASP-49995,35.756,72.59230838079863
JVASP-15177,42.456,58.098316356227215
JVASP-40486,61.82,88.38477819695893
JVASP-29588,129.048,49.95871168319255
JVASP-54829,59.181,28.720602796061385
JVASP-1828,10.102,33.038545917052836
JVASP-28410,158.161,142.58922026833378
JVASP-82023,116.966,96.27162078437063
JVASP-8266,35.926,27.156303940646957
JVASP-18420,41.784,62.76274615105079
JVASP-1321,0.008,9.05908648527444
JVASP-46868,64.043,91.6538737453255
JVASP-10879,28.651,64.44806326155442
JVASP-15320,121.882,109.18938494640386
JVASP-1861,33.175,32.014330164395105
JVASP-17972,55.934,57.30444358070619
JVASP-23700,67.31,96.42514948255727
JVASP-36356,0.0,-0.832440107791423
JVASP-65582,83.55,73.05660753522214
JVASP-8194,68.734,39.43208971308512
JVASP-79629,42.485,46.69629375164638
JVASP-37989,23.124,51.755688132650405
JVASP-56741,131.564,104.6642157819436
JVASP-81282,115.742,57.59934602202371
JVASP-7676,0.0,71.66550520750292
JVASP-26529,66.338,77.78733034148443
JVASP-14596,0.0,8.694356635607877
JVASP-7875,30.159,47.237673354757376
JVASP-1219,15.863,37.095313702588314
JVASP-37088,83.088,62.59885368019665
JVASP-5098,55.387,76.72379879142072
JVASP-37588,73.835,59.62084943969586
JVASP-35217,132.952,101.03471086392746
JVASP-15944,2.465,13.245098168436048
JVASP-20497,182.304,68.1472138962169
JVASP-15995,15.611,16.75449190069946
JVASP-63216,27.915,33.92352503318527
JVASP-15252,97.157,78.42920830443573
JVASP-5188,97.58,93.99805712704445
JVASP-37388,51.411,45.27034442240422
JVASP-37029,62.164,76.40695919721328
JVASP-37448,32.033,34.12350225527422
JVASP-38583,28.848,29.684665445523056
JVASP-81595,73.681,51.18824046189593
JVASP-34652,72.835,86.42568271047367
JVASP-37025,27.221,35.596500816573034
JVASP-67009,112.048,88.0639406678766
JVASP-23566,89.028,74.12447965165195
JVASP-85168,32.644,108.74435501575168
JVASP-17732,30.701,55.50398066665598
JVASP-67051,197.528,65.99904760819946
JVASP-52585,0.858,14.404818397463696
JVASP-35997,0.0,6.41326441852779
JVASP-8322,187.55,106.08619571396903
JVASP-21888,110.905,72.46911204491411
JVASP-30604,191.309,131.21360477123363
JVASP-18276,22.987,57.29864972631823
JVASP-20372,0.0,4.727736209485344
JVASP-317,19.637,33.8240577977142
JVASP-95,2.163,22.745688617158553
JVASP-35600,71.75,85.82244524881705
JVASP-15165,56.719,40.76373639084644
JVASP-16125,183.038,97.59111635351942
JVASP-51352,100.007,79.58156180255568
JVASP-15293,113.382,91.3296679063349
JVASP-17460,127.786,94.50737230956753
JVASP-41932,119.08,68.37656412027803
JVASP-13916,71.12,106.411074483167
JVASP-78400,0.0,59.614360875748325
JVASP-15121,108.358,112.73089021782248
JVASP-15708,0.0,10.38901524876024
JVASP-56265,181.776,117.81563446947868
JVASP-18233,101.162,54.62638808170035
JVASP-65706,6.026,70.44960813543264
JVASP-19667,41.602,64.84292035486219
JVASP-15334,45.667,52.45359861902642
JVASP-79259,21.342,55.827474186402874
JVASP-35467,35.129,63.478920096094825
JVASP-18364,98.988,77.72117838272015
JVASP-50303,43.328,49.97717663936453
JVASP-54957,84.674,58.78801515058596
JVASP-7978,85.185,93.00987402874655
JVASP-55218,47.197,49.91719931568139
JVASP-8074,24.01,22.650683556864568
JVASP-14903,9.323,26.772192564496557
JVASP-48176,7.68,72.89337181465541
JVASP-14322,136.61,125.03159814285227
JVASP-22766,56.28,74.73744932384434
JVASP-50197,88.784,95.18927346936411
JVASP-35401,145.325,104.02880360225387
JVASP-65584,148.967,83.95772536019315
JVASP-37786,12.383,61.15461313958291
JVASP-18477,12.363,58.99879386606482
JVASP-37169,0.001,4.2480515905818255
JVASP-78318,0.0,-0.7142433187222469
JVASP-28372,171.765,22.752194032498934
JVASP-78471,18.187,62.04730779692909
JVASP-17582,0.0,8.19505755860959
JVASP-78442,68.809,2.7326957909806335
JVASP-17554,141.719,25.67168066520422
JVASP-82096,25.197,45.387673698800604
JVASP-25229,24.747,10.865561296530222
JVASP-8038,73.677,72.09196597297267
JVASP-67077,88.747,60.857093843255065
JVASP-65684,4.396,37.85282530192484
JVASP-81256,132.648,82.64376496056458
JVASP-228,90.827,80.91507802855502
JVASP-35717,78.509,76.19062707684063
JVASP-36557,35.421,27.373201960430624
JVASP-53682,48.107,48.44033872998026
JVASP-18037,45.607,64.35251211684327
JVASP-17820,34.381,87.54443692995464
JVASP-36641,106.954,86.18365717392099
JVASP-65335,90.424,98.7124342025208
JVASP-67707,125.89,67.1113056909686
JVASP-14899,180.198,81.99242950126204
JVASP-16249,148.245,105.08964243279638
JVASP-79270,124.151,83.32707756579754
JVASP-2020,26.412,77.7282692776205
JVASP-67628,98.216,78.5102514593785
JVASP-7896,59.896,56.43873183687249
JVASP-4110,129.259,111.56486367731404
JVASP-68203,123.739,106.36367571504601
JVASP-79219,76.667,60.23883581483783
JVASP-19588,49.42,42.33239885559283
JVASP-78717,23.146,26.215701847359778
JVASP-35953,52.481,33.821478829655774
JVASP-58373,108.175,90.77502259405847
JVASP-1978,54.962,61.49536170506517
JVASP-35354,74.659,65.45480698081906
JVASP-21053,61.995,76.59757234132174
JVASP-51412,127.418,93.24616356441064
JVASP-46436,20.685,29.919661522001714
JVASP-4831,36.151,32.46325077699646
JVASP-15325,16.52,72.86610862548213
JVASP-18942,75.467,89.75517921766847
JVASP-63615,16.622,49.147299573307905
JVASP-22354,42.339,84.02782328112578
JVASP-80281,66.426,42.43388453106579
JVASP-12000,189.103,105.63191995672383
JVASP-15948,71.373,49.424176735959925
JVASP-20379,18.838,79.84795023132845
JVASP-4276,53.324,64.634620885607
JVASP-3753,54.718,62.60977720704437
JVASP-16674,67.003,50.673662944050115
JVASP-18940,88.188,62.24711803846355
JVASP-29714,199.611,73.62327773857112
JVASP-67951,49.727,52.98248675401928
JVASP-1357,0.002,3.4743242069002918
JVASP-15688,91.623,89.40652821707903
JVASP-78755,54.896,33.34203793211187
JVASP-5275,23.143,29.767771267971412
JVASP-10536,73.347,70.18317492301988
JVASP-39353,31.097,58.882629296898195
JVASP-19714,83.546,43.52092850474495
JVASP-8626,70.882,77.87845010942199
JVASP-67905,89.254,71.92184171620056
JVASP-16623,0.0,4.692029564956548
JVASP-78345,0.0,34.5421068995103
JVASP-64923,152.988,61.01490456053451
JVASP-17795,16.201,55.32544590701986
JVASP-56792,31.336,68.3467680752197
JVASP-40865,61.956,71.94162615191222
JVASP-15626,119.551,77.05304418891812
JVASP-35840,199.163,58.31165568319657
JVASP-10206,119.979,100.44991010568366
JVASP-14858,50.232,79.43597769521689
JVASP-3003,16.541,29.81572086750669
JVASP-68996,38.589,91.49542081271646
JVASP-3060,25.212,48.663746431518874
JVASP-22684,20.789,39.89716920467503
JVASP-17288,52.819,46.116331288641256
JVASP-31903,131.186,142.75753530889153
JVASP-35062,38.351,48.745818767449585
JVASP-37906,39.162,41.94607482966365
JVASP-32781,18.651,27.387734464016532
JVASP-18608,90.308,96.75356932121016
JVASP-34911,113.837,77.64748460259577
JVASP-32822,120.583,144.37661992311186
JVASP-78473,6.479,10.698834011190504
JVASP-2190,152.827,42.36536507086922
JVASP-67688,68.913,67.42716505572241
JVASP-64888,80.889,113.9791365873748
JVASP-28538,133.647,153.61033522330408
JVASP-37671,64.223,61.157671579030456
JVASP-77067,137.146,108.33374477044512
JVASP-67285,43.291,92.37609150873352
JVASP-29193,168.465,167.2316630717214
JVASP-35786,69.108,109.77698944001145
JVASP-34439,81.614,71.35415832010736
JVASP-12106,175.548,56.79092832821338
JVASP-8399,6.9,46.53156540760159
JVASP-81658,152.671,121.3522928107413
JVASP-23330,27.109,60.00984096233975
JVASP-36604,78.784,81.15958880355554
JVASP-69066,173.064,98.66287067438539
JVASP-19902,64.762,42.44495419864183
JVASP-28529,143.465,154.05395439425948
JVASP-18138,49.424,64.57115514582972
JVASP-19591,172.248,120.6397490482242
JVASP-79231,15.879,70.71883257873823
JVASP-8247,34.01,38.92948532746899
JVASP-4062,51.325,33.385024592021075
JVASP-56538,44.208,51.570680049375525
JVASP-22514,116.107,97.23122142739845
JVASP-16520,51.817,43.205694827881636
JVASP-16682,93.039,63.661459860150416
JVASP-59484,169.342,80.3376215545333
JVASP-16209,77.042,90.85526357639108
JVASP-17703,9.772,44.195498177487266
JVASP-26383,52.092,76.86576942396616
JVASP-18726,45.221,57.8913271278191
JVASP-45,66.567,58.920999621935735
JVASP-17904,0.001,3.997142988391226
JVASP-36141,109.099,83.59355342298961
JVASP-17897,142.873,79.73532262407274
JVASP-17992,113.477,99.2515729001815
JVASP-15609,34.299,35.54498500886047
JVASP-15745,41.027,93.71894092814628
JVASP-69081,16.222,42.91850604212229
JVASP-12009,39.838,50.57732598826406
JVASP-14929,0.0,34.441198255549196
JVASP-38375,96.347,90.33589423305062
JVASP-65419,191.152,133.13489055127445
JVASP-12152,96.78,66.81527416839901
JVASP-43171,72.005,35.502778036773215
JVASP-20081,0.004,-1.072786720580932
JVASP-19785,94.161,71.64444606836983
JVASP-78455,0.745,41.49013205491234
JVASP-9088,103.74,106.52316821720397
JVASP-17754,64.886,76.88778180650431
JVASP-51438,82.862,79.74523588567187
JVASP-17802,113.624,84.44191196330827
JVASP-46432,31.848,41.847247608403954
JVASP-57458,166.125,116.42397283608032
JVASP-53032,43.445,42.68427813405417
JVASP-25272,106.065,30.03437246542168
JVASP-38184,3.217,69.77606749185203
JVASP-20597,101.063,69.45444486070687
JVASP-15379,56.003,72.38975938093515
JVASP-38360,63.599,35.600558091978066
JVASP-54844,26.053,16.97921340678827
JVASP-3135,32.054,57.54095039814346
JVASP-846,7.585,8.498240148226682
JVASP-3315,69.357,40.3454206655778
JVASP-79695,133.555,56.273035521198445
JVASP-35255,0.008,-1.2481873647743247
JVASP-2121,139.217,101.77139006300551
JVASP-67041,98.385,91.27725505275966
JVASP-18289,0.0,7.362078064291848
JVASP-17451,52.631,62.400736681844236
JVASP-22712,49.719,63.702982778873924
JVASP-2106,91.597,50.50488348521321
JVASP-22498,107.445,91.80602038339116
JVASP-36412,79.239,64.95961263327276
JVASP-79529,83.384,62.8700541758023
JVASP-29215,12.711,52.98297366290488
JVASP-67759,32.505,92.95205940498559
JVASP-37065,46.564,58.234999824092355
JVASP-68975,75.28,99.68937584871861
JVASP-78922,44.387,43.171131716382654
JVASP-3675,75.894,95.93043504007231
JVASP-16126,17.947,39.188551355287366
JVASP-19754,116.433,89.3375569143403
JVASP-78796,39.956,61.114421990350145
JVASP-20632,0.0,4.468338064771052
JVASP-37011,0.0,46.37732767120603
JVASP-38637,29.141,48.700421977223684
JVASP-39446,1.818,22.372109795483155
JVASP-53581,130.56,77.41203946525623
JVASP-37541,24.205,28.021015645593646
JVASP-79682,104.09,89.90379630419339
JVASP-42079,106.094,44.45688753450496
JVASP-50080,194.614,135.9265084998478
JVASP-79660,38.081,18.604757203433795
JVASP-62618,36.556,35.38822108297665
JVASP-35936,28.372,38.81923485708911
JVASP-29973,138.326,106.84729364121038
JVASP-51680,115.35,86.83104880602396
JVASP-18885,47.722,70.59020469049538
JVASP-17624,197.313,73.81852239613656
JVASP-41914,90.145,59.565868220843264
JVASP-67762,73.204,88.19214569762809
JVASP-37161,17.213,35.153421584418275
JVASP-17438,0.0,6.6679246243736365
JVASP-13881,1.964,9.39480057176421
JVASP-38436,3.815,15.233726671338552
JVASP-55164,187.565,77.41691315709288
JVASP-37479,58.149,84.09699273639129
JVASP-37982,22.616,39.2524914637264
JVASP-37168,0.0,3.6234692462585687
JVASP-63373,98.504,104.3968149187157
JVASP-78357,0.0,33.032800982199205
JVASP-17455,38.845,45.006127382859574
JVASP-37226,44.534,67.36939600314292
JVASP-38548,39.78,41.79158069270436
JVASP-15128,147.556,83.58243453621469
JVASP-80488,76.405,41.39797759394204
JVASP-28576,162.43,166.79169287360114
JVASP-8474,0.0,20.261493951296522
JVASP-29194,171.105,165.84912208912536
JVASP-40300,101.471,97.5991047893391
JVASP-78726,17.773,19.387412457010686
JVASP-4316,21.947,32.0614057021922
JVASP-37063,7.572,31.428576878230416
JVASP-17564,58.024,65.56578860402131
JVASP-3627,42.891,73.42264177794539
JVASP-18135,130.901,107.69391258038428
JVASP-17743,98.406,47.223625039983176
JVASP-15748,13.447,35.57631250591231
JVASP-28456,152.573,165.11871827628016
JVASP-3339,65.072,80.30527149299546
JVASP-537,138.605,105.71298099354541
JVASP-67937,35.446,78.98852613406672
JVASP-59684,28.467,67.58391211523274
JVASP-55211,37.496,84.4553827853046
JVASP-36458,158.575,142.41785111907285
JVASP-19755,16.156,38.315444060031254
JVASP-19956,0.002,-3.0288970887543605
JVASP-17864,90.755,36.08812002301962
JVASP-15713,7.45,28.059967788665954
JVASP-16881,121.076,73.56252600538183
JVASP-30485,21.501,48.662754682341664
JVASP-34946,67.657,78.94136808488122
JVASP-46049,153.777,75.82391941254845
JVASP-20978,87.655,140.95312027142734
JVASP-81846,186.008,107.79724812172516
JVASP-85895,60.894,66.2245298114749
JVASP-67796,138.09,109.5777787948361
JVASP-38600,85.209,54.497297889734924
JVASP-17937,178.484,134.00141139277363
JVASP-1819,6.359,30.765799545534247
JVASP-86460,83.401,91.52908680084221
JVASP-17268,118.739,130.97867588590694
JVASP-18757,144.042,101.98699646318892
JVASP-3552,28.421,90.77501276434376
JVASP-16719,107.881,87.28339993523642
JVASP-19760,27.835,17.08613342925689
JVASP-19758,0.001,3.153014322286384
JVASP-50105,138.828,93.42886928037984
JVASP-67068,18.688,65.52673841661247
JVASP-16915,16.673,62.51930404374742
JVASP-67620,78.21,30.812515843173834
JVASP-78729,2.151,13.530344376055405
JVASP-38191,15.833,66.80335337498288
JVASP-36423,109.376,29.730578954984626
JVASP-38933,103.875,86.21940847636537
JVASP-19745,40.626,46.047773794508394
JVASP-3465,128.404,99.23919912117066
JVASP-37931,70.363,33.42681620532007
JVASP-41820,98.738,84.33627565961567
JVASP-69228,95.987,105.20417105928857
JVASP-15096,170.203,99.96611283971176
JVASP-78358,0.0,43.83157294447747
JVASP-1843,2.778,30.90644176914764
JVASP-5611,198.079,119.56271065566978
JVASP-58436,29.428,43.67525640485723
JVASP-15656,21.296,53.67371971537349
JVASP-65695,79.704,70.97612793608221
JVASP-12648,67.081,75.11075945876
JVASP-14555,0.0,5.099851791997382
JVASP-4561,137.724,87.72586157668687
JVASP-18568,17.111,20.458144350941986
JVASP-34156,57.483,60.29439433296062
JVASP-15511,22.504,49.68838530881001
JVASP-56824,75.185,99.3097196399629
JVASP-7755,34.75,88.87894304236032
JVASP-56922,34.772,53.053918497934106
JVASP-14385,29.142,69.58738453839128
JVASP-3843,177.07,133.65639557703358
JVASP-78795,142.363,125.73705925600893
JVASP-32178,191.226,124.71761730023232
JVASP-43663,101.771,94.52128885413005
JVASP-37075,32.492,55.47460143313481
JVASP-11764,20.694,25.744779098081597
JVASP-53013,6.318,28.39789165637118
JVASP-2781,116.373,83.35342866155908
JVASP-16905,137.705,95.31782880259769
JVASP-16626,0.005,-0.8491164137002882
JVASP-18162,9.205,48.81226041304133
JVASP-42568,102.977,56.06131594592133
JVASP-35241,116.041,108.2912487593882
JVASP-12187,28.054,27.716331184415363
JVASP-80106,28.107,65.69048965614088
JVASP-39026,17.232,24.760553623609294
JVASP-5179,76.012,86.29706494892893
JVASP-43776,105.098,79.44763832325809
JVASP-65767,158.982,91.59781728260884
JVASP-8311,44.644,76.84773660522076
JVASP-17422,26.714,17.501080070254854
JVASP-12158,13.856,79.8925366682049
JVASP-30378,89.389,81.59267703064276
JVASP-7903,60.15,97.43040642172006
JVASP-36913,17.704,60.545469736867354
JVASP-22605,55.869,80.30905283405579
JVASP-66738,180.637,118.45702104048964
JVASP-18491,23.817,37.659281384415976
JVASP-36637,48.624,42.58473599772753
JVASP-14914,62.842,50.094908605196025
JVASP-254,0.002,-3.760378147257175
JVASP-15768,100.876,116.81329838366918
JVASP-34361,13.699,17.76538927989986
JVASP-51076,127.736,81.31465531922544
JVASP-36626,108.534,75.66624978452465
JVASP-18664,110.164,87.6803957016164
JVASP-18595,21.354,52.11719855429764
JVASP-17266,175.494,110.97988858009646
JVASP-79252,17.477,22.559851036096315
JVASP-80157,32.761,70.40670927631582
JVASP-56447,76.34,71.97250023347763
JVASP-85640,131.626,107.69391258038428
JVASP-37600,5.687,60.74451048498276
JVASP-16222,43.742,55.03964425052949
JVASP-67390,104.195,53.305788757290216
JVASP-17390,6.449,38.18258979922687
JVASP-40536,48.17,69.77570293844049
JVASP-11272,127.265,113.1648156139003
JVASP-50902,56.245,49.594592684490785
JVASP-8220,21.412,42.55719357066372
JVASP-38162,52.712,57.87201563773655
JVASP-8376,40.286,55.22798169127713
JVASP-78312,0.0,6.707357519570863
JVASP-68024,42.55,28.538886366981238
JVASP-12897,112.755,94.64698801841067
JVASP-54795,54.521,58.88716059723071
JVASP-3420,51.716,85.34315146471863
JVASP-79169,60.718,53.08909762301275
JVASP-16240,33.479,39.1647144419023
JVASP-8057,35.053,34.80064599126289
JVASP-14513,19.878,48.674361700024406
JVASP-51058,68.901,68.92298609394402
JVASP-36041,0.0,10.239161894880809
JVASP-28433,74.957,77.00644122051888
JVASP-14169,37.866,64.62194303534142
JVASP-79519,111.857,102.05485948669109
JVASP-8138,16.633,29.425773234481632
JVASP-63758,92.268,96.56349263850078
JVASP-79030,0.22,6.357030814335302
JVASP-68034,170.913,71.97378773081415
JVASP-68169,153.109,102.57064395560238
JVASP-8599,32.736,71.09127601842923
JVASP-86339,97.915,111.04559675525395
JVASP-17688,130.344,119.70804328846513
JVASP-19930,0.0,0.5413953172043446
JVASP-67481,9.456,66.43013872686245
JVASP-14675,67.182,70.12956995626432
JVASP-79573,107.898,32.237933070596874
JVASP-14723,0.0,11.221349482409874
JVASP-43113,82.423,76.725333494333
JVASP-17233,39.532,33.96301139340099
JVASP-36055,63.2,53.37010747074601
JVASP-86994,143.171,79.89926052689886
JVASP-8622,77.338,81.42233799033365
JVASP-87122,141.855,93.22161952633967
JVASP-22640,106.539,110.49548912618539
JVASP-2334,0.629,36.26120958186834
JVASP-38253,0.196,16.885918045596487
JVASP-8197,26.623,64.02081910713117
JVASP-17627,37.78,50.87895287001159
JVASP-8703,56.645,26.824557146131582
JVASP-41030,85.67,91.01362763107544
JVASP-12077,2.845,64.34541182735022
JVASP-79251,101.106,76.2359216589741
JVASP-1543,132.477,139.3367034799463
JVASP-3012,72.083,53.44793673172634
JVASP-67188,55.464,58.283114557615924
JVASP-38242,24.57,29.12967242430518
JVASP-17776,115.165,76.23583408183958
JVASP-85184,147.225,88.08393882700683
JVASP-28455,167.688,167.54370239161983
JVASP-39406,130.298,108.8665746801595
JVASP-29713,162.563,72.17334609922038
JVASP-67764,137.985,40.838562958268355
JVASP-35538,126.757,67.82506637116963
JVASP-30510,170.267,143.57903112470566
JVASP-37024,105.379,72.94192106720551
JVASP-18926,0.001,2.3337408960526504
JVASP-4388,47.129,85.83992582314467
JVASP-87011,33.727,67.38020671459397
JVASP-7880,82.319,92.47645271243584
JVASP-17756,27.474,54.87365434356068
JVASP-42657,72.416,53.05927974164457
JVASP-25407,34.039,30.95878865129318
JVASP-79000,18.172,39.87914160192137
JVASP-86369,30.729,60.84438180811045
JVASP-25262,1.104,16.985263050349662
JVASP-8520,77.223,83.41667099149652
JVASP-78940,148.068,94.95722841504741
JVASP-49813,61.701,40.175262958422216
JVASP-37163,31.368,27.546991689705976
JVASP-69154,119.377,101.34640279493875
JVASP-11361,13.285,81.17287980231697
JVASP-53976,50.708,87.83453357282747
JVASP-42992,44.013,45.716984604652815
JVASP-79897,151.711,68.52756985473725
JVASP-78735,0.0,61.139043677922075
JVASP-77262,5.65,56.264849935502774
JVASP-12442,70.539,88.40447467890344
JVASP-7856,20.05,44.45684849457112
JVASP-20534,160.307,132.94671590919813
JVASP-49977,163.985,124.92586368749862
JVASP-10197,57.416,71.38907697617255
JVASP-14756,0.008,1.2227601322028572
JVASP-35236,0.0,8.41799319752349
JVASP-49959,52.175,85.2738489709129
JVASP-11993,27.764,38.00854870480763
JVASP-8296,92.634,98.46951364881477
JVASP-32555,103.031,63.94326107131659
JVASP-16093,81.049,72.73766740031301
JVASP-86809,55.742,68.33374248400686
JVASP-79161,116.492,48.317941730227645
JVASP-65761,81.05,90.35918975116611
JVASP-62548,27.529,42.71339262085144
JVASP-12022,75.129,81.57151396922949
JVASP-78553,35.154,39.4743442153685
JVASP-36320,0.0,9.125378044987007
JVASP-17205,141.237,115.75385526748272
JVASP-77542,16.434,82.57382493855077
JVASP-12606,31.099,31.473654527859235
JVASP-3489,16.441,57.69719282307197
JVASP-20496,84.23,68.63799376709568
JVASP-22710,72.039,68.5370178107071
JVASP-3369,49.353,65.48895170689485
JVASP-17219,69.212,57.964573442760766
JVASP-78335,0.0,21.254577353349877
JVASP-36344,0.0,6.611806712529371
JVASP-15339,55.706,52.32480723369209
JVASP-1267,0.002,-0.8968603647872251
JVASP-16214,63.185,83.33507615985208
JVASP-21811,97.987,102.24085599970311
JVASP-78858,138.193,75.4373829408112
JVASP-61319,55.413,68.65857677551551
JVASP-38906,41.892,59.91717211421993
JVASP-1981,21.112,63.59518014928841
JVASP-3567,83.59,117.02798851158616
JVASP-58395,25.395,77.00069825856576
JVASP-67947,2.57,73.00698339877748
JVASP-3945,51.463,49.85227960488385
JVASP-68938,172.143,93.96202081353127
JVASP-66689,72.085,78.3010845710888
JVASP-81973,85.673,106.88237738962988
JVASP-20516,90.964,63.40322609352642
JVASP-2355,54.114,47.87660948041214
JVASP-36646,34.951,67.54001112865463
JVASP-36109,0.0,6.835189837661919
JVASP-15772,8.255,49.91213400280524
JVASP-15116,165.285,140.09130392953173
JVASP-67148,179.256,92.27167417197579
JVASP-15262,41.989,51.09220118213372
JVASP-51413,18.318,80.93328306304691
JVASP-66981,23.207,17.05352947321212
JVASP-3231,48.227,68.66941336117735
JVASP-38332,59.943,103.61525391784318
JVASP-18843,62.928,65.3404685232727
JVASP-41681,0.539,-2.127398111531534
JVASP-19705,2.215,8.427129239993665
JVASP-36148,14.446,9.834063712221399
JVASP-18798,22.216,64.93829810652865
JVASP-34250,98.704,80.71180531253496
JVASP-18436,139.472,72.58421107388064
JVASP-38421,1.521,4.891953055482056
JVASP-67917,47.404,27.00697691367169
JVASP-17289,49.365,57.178324241859364
JVASP-17444,17.22,64.29553252967844
JVASP-46114,91.827,80.9295181531763
JVASP-87084,41.924,79.34091291371841
JVASP-15942,122.046,94.86154818247444
JVASP-14560,0.0,-0.1276999941755676
JVASP-38302,18.767,62.069772997600595
JVASP-80616,39.105,98.69826052924063
JVASP-15070,0.0,23.7712293624588
JVASP-36015,0.0,5.6307690070755
JVASP-17331,105.972,79.06415992343479
JVASP-12789,129.053,112.83707062589662
JVASP-35234,143.7,63.60100785288045
JVASP-36573,27.777,26.33063598685188
JVASP-42256,14.612,59.15150672378725
JVASP-37033,169.628,119.51200185295112
JVASP-79165,3.396,3.7987632463070566
JVASP-78474,23.574,29.100458964426068
JVASP-41835,1.614,10.822198249297179
JVASP-86674,90.392,111.3926070809012
JVASP-15784,100.508,79.89073401479392
JVASP-67801,94.193,96.75972228991427
JVASP-56842,23.93,32.930632134024904
JVASP-49962,142.471,117.45510108848217
JVASP-56898,44.831,51.27012129710191
JVASP-14917,89.866,48.114306165696426
JVASP-56275,49.731,32.40644696298189
JVASP-67621,43.292,67.7945231494598
JVASP-85163,90.38,102.20910870360947
JVASP-16067,111.27,78.6412809431067
JVASP-29624,15.671,60.70492662233882
JVASP-36026,39.532,34.188289467383164
JVASP-34173,24.82,73.23135394801318
JVASP-16464,35.528,33.88060249300502
JVASP-56291,89.763,100.89048533432
JVASP-1675,57.549,55.774452782825236
JVASP-36372,0.0,1.2045982315991481
JVASP-15476,37.816,50.048611045414376
JVASP-14063,90.147,99.28996074176113
JVASP-15564,40.571,80.25286320638976
JVASP-76801,4.026,36.21480560989193
JVASP-3543,62.984,85.32194120879171
JVASP-35398,31.468,57.89742390694475
JVASP-15069,0.0,12.62280738412862
JVASP-77294,56.912,81.08236656599178
JVASP-14506,40.935,59.18420613461897
JVASP-54803,70.344,99.76656700164689
JVASP-8818,16.589,66.10994667972946
JVASP-18440,37.508,83.71537752824652
JVASP-7750,78.916,64.78346912702087
JVASP-5668,115.064,88.22152754353631
JVASP-8300,0.0,3.6199435809555576
JVASP-56934,0.009,0.9897449015583433
JVASP-2418,54.761,68.89545798145707
JVASP-15057,32.606,73.23802059582
JVASP-65659,51.177,36.84799498281011
JVASP-19986,105.004,91.23351246653405
JVASP-43450,29.981,72.62821169499519
JVASP-17783,155.51,117.91797415988887
JVASP-81864,37.063,100.35371348980703
JVASP-4603,178.797,77.85159238746019
JVASP-86457,9.747,57.24271922624567
JVASP-81229,139.078,65.11784309937313
JVASP-38589,56.277,55.22613340515512
JVASP-1549,133.374,137.8346090410055
JVASP-50838,31.302,30.79492357094616
JVASP-15777,29.864,18.23040139081376
JVASP-18771,14.177,59.77554657754081
JVASP-15671,94.3,88.80436934241673
JVASP-2041,31.369,57.97047795664763
JVASP-15008,89.665,44.20482451309498
JVASP-4600,125.202,85.03646765077329
JVASP-15401,36.289,48.32523458677897
JVASP-36219,56.094,65.16232825425017
JVASP-26390,98.33,112.81774331981133
JVASP-57579,49.581,64.2478226145919
JVASP-17516,55.325,49.80848065232629
JVASP-36199,11.939,20.581076922992278
JVASP-37693,102.153,73.26488436599215
JVASP-68941,116.002,113.42469225426018
JVASP-14634,114.361,82.28475103235873
JVASP-35718,20.108,54.841308407251
JVASP-81395,49.019,50.64222961002557
JVASP-80630,42.275,77.52983433211547
JVASP-17850,8.974,52.658560356374075
JVASP-65734,156.846,93.89761200573314
JVASP-16695,37.113,45.112152090918194
JVASP-19895,71.95,42.90140583070096
JVASP-8372,81.344,83.35012103845615
JVASP-79561,0.0,8.153387554995795
JVASP-37966,16.047,37.89826777326499
JVASP-49993,168.721,105.54366059915237
JVASP-35662,35.579,45.28765329346038
JVASP-85427,43.233,58.65030419924458
JVASP-67143,39.749,63.551129812110155
JVASP-37225,7.434,22.366992165464016
JVASP-56987,37.369,51.10194952492321
JVASP-53281,56.338,68.27910720199671
JVASP-39,4.753,20.330074667350633
JVASP-35441,26.647,49.4998360342785
JVASP-11007,59.071,101.2425772688715
JVASP-15714,157.819,119.94725965028177
JVASP-39149,34.434,67.62121990561872
JVASP-2163,139.859,124.45512329777317
JVASP-38295,17.597,14.107624684228064
JVASP-591,151.321,117.16085251870635
JVASP-38341,166.174,141.70438379260534
JVASP-15716,0.002,-0.4983934430183812
JVASP-287,62.512,105.81432634569968
JVASP-17265,101.712,99.10929469024238
JVASP-39732,183.996,87.83051687225522
JVASP-22622,89.411,106.10488466484766
JVASP-18361,0.002,5.1095340229414985
JVASP-69163,75.873,76.222742643632
JVASP-36602,10.732,66.16694800591503
JVASP-11523,110.311,119.72135213102271
JVASP-36373,75.079,46.78559930062023
JVASP-28384,14.435,69.13051809549964
JVASP-52377,109.747,101.84886928832269
JVASP-14269,29.63,49.10346151543776
JVASP-66780,189.742,141.51368426448283
JVASP-17686,144.433,105.92763909592404
JVASP-1516,132.348,131.48375410969408
JVASP-85205,134.965,101.69808575194931
JVASP-32943,139.414,118.96516180843987
JVASP-65038,41.179,86.90284027819314
JVASP-37685,39.006,15.258099074058132
JVASP-8125,47.9,59.58623765647124
JVASP-46006,142.801,96.93981003729309
JVASP-39168,123.407,89.63118983949806
JVASP-35734,90.291,42.92209537332274
JVASP-3270,39.352,52.60493963474051
JVASP-37286,111.338,98.7016094070528
JVASP-15689,95.372,88.36881628395544
JVASP-78666,0.0,84.1081738957112
JVASP-35957,24.228,32.906940340993664
JVASP-54887,74.411,55.15576701148708
JVASP-38737,60.004,66.32981051764605
JVASP-35861,61.317,79.65373592297416
JVASP-65531,26.295,60.90509802721967
JVASP-40651,33.536,43.42473178981219
JVASP-20373,12.513,43.1058718047357
JVASP-15314,114.401,54.67647211278951
JVASP-802,88.763,60.61265236671582
JVASP-17448,140.164,119.2263880994747
JVASP-36416,0.0,3.9053374815438113
JVASP-20086,22.647,48.74854592473098
JVASP-67902,23.989,43.096939863773514
JVASP-15619,55.299,47.91170373054838
JVASP-69214,12.293,29.784632637731843
JVASP-5425,177.789,147.09578143154883
JVASP-8630,36.687,83.08997507018287
JVASP-37697,38.943,54.955296763872624
JVASP-54625,46.617,89.7682723345133
JVASP-55014,101.254,52.38477997616169
JVASP-20525,0.0,4.188550056352916
JVASP-28574,176.936,171.59867077462707
JVASP-76705,111.663,71.72512196667344
JVASP-38940,2.604,27.290654836978863
JVASP-29435,42.66,70.49347809289647
JVASP-36464,96.44,54.43790661762567
JVASP-8690,57.799,53.20310569833011
JVASP-35004,49.871,66.42014635421577
JVASP-17837,48.88,48.373347944707575
JVASP-15387,162.055,109.57301728998229
JVASP-34258,140.8,71.04227917759553
JVASP-37695,16.383,29.653986268374627
JVASP-20404,0.004,0.08524010261106205
JVASP-68205,9.146,31.79263838900459
JVASP-50893,67.469,47.61074411778225
JVASP-81304,181.61,108.3493203715609
JVASP-38002,0.0,10.76078683889687
JVASP-65570,67.989,90.19533797119827
JVASP-36587,41.763,44.68287799231429
JVASP-61054,35.946,53.053918497934106
JVASP-34203,98.833,72.63047755210488
JVASP-18334,39.209,72.6060741134717
JVASP-32143,127.289,152.29255415305113
JVASP-8039,19.743,24.785002895697748
JVASP-14755,46.796,69.54053878611661
JVASP-7744,44.195,38.712955123853085
JVASP-67351,54.402,40.38817460629559
JVASP-16402,146.532,93.72449996185169
JVASP-80500,17.009,32.083242313242984
JVASP-37957,47.668,95.1154253988564
JVASP-15238,154.719,134.87283873574646
JVASP-8147,15.65,39.41404547650488
JVASP-35389,102.635,83.63612142167202
JVASP-80499,27.849,22.64934129363339
JVASP-81266,30.644,37.124076377172614
JVASP-65650,57.886,47.7605895465374
JVASP-80342,61.252,98.0435016957168
JVASP-1642,114.702,56.30757652988753
JVASP-18955,16.282,29.874165242887923
JVASP-76698,120.484,105.99702088448376
JVASP-35087,34.697,75.76208480799465
JVASP-16166,42.709,59.80952096829401
JVASP-78791,43.405,26.324164882617385
JVASP-8575,7.868,87.3910712976004
JVASP-56190,17.762,55.91002606885045
JVASP-5779,88.601,68.78924836704928
JVASP-36305,167.198,95.48224369096114
JVASP-39834,5.049,21.969434858895475
JVASP-79199,1.105,81.63221635934576
JVASP-85744,95.569,108.96431296674352
JVASP-54956,0.0,47.68160041867866
JVASP-15441,135.209,60.71614924679491
JVASP-40194,132.352,80.44086192520398
JVASP-17330,125.93,81.16598978683541
JVASP-78687,81.465,97.1100805381424
JVASP-22353,34.5,60.47581198089017
JVASP-18236,85.079,80.15244244843842
JVASP-14502,0.0,0.9702862118315805
JVASP-14874,48.149,66.07522627153466
JVASP-18028,162.277,76.84005150699448
JVASP-18329,85.583,61.60368273936004
JVASP-15817,43.968,60.071475346822325
JVASP-54664,39.543,107.01889812226152
JVASP-18808,21.373,44.565826134582046
JVASP-81653,92.006,100.9016153555238
JVASP-57881,45.173,62.49177923157725
JVASP-20824,24.861,59.189334855619805
JVASP-32416,191.44,116.17271154142837
JVASP-7774,15.655,70.5651337605861
JVASP-37603,99.584,68.34596330667911
JVASP-34472,33.264,64.16220785348305
JVASP-54453,39.532,76.95771104244525
JVASP-35942,178.233,71.88350223218546
JVASP-15398,42.826,33.494538766038204
JVASP-19773,71.782,60.5087070952756
JVASP-17338,63.159,111.53580955704842
JVASP-36763,61.013,81.06929302902986
JVASP-28557,143.616,146.20278320201885
JVASP-78800,6.8,35.25364654057709
JVASP-67864,88.437,70.7512449315123
JVASP-8094,13.026,17.52708913389551
JVASP-37159,29.316,26.154339771186898
JVASP-48017,99.844,70.97488703162907
JVASP-1522,8.531,45.065972774416714
JVASP-38649,2.388,4.360787037278293
JVASP-13896,42.294,78.80908662492507
JVASP-2343,162.224,109.6307462663524
JVASP-65094,92.068,65.11654913047238
JVASP-19896,0.003,-3.0781212755875162
JVASP-38315,14.43,38.40448554896379
JVASP-2065,18.92,51.381450557810965
JVASP-86646,104.937,102.91937893189885
JVASP-39220,3.8,11.56109701024329
JVASP-62131,37.4,63.36758726337083
JVASP-85177,96.063,69.15792775379799
JVASP-8104,96.039,71.79422091658198
JVASP-34544,126.353,96.49214413663914
JVASP-3027,127.792,73.40887615986517
JVASP-7887,0.636,25.663646772179007
JVASP-38473,57.746,56.74877108587076
JVASP-18781,112.99,81.84575047966976
JVASP-1726,46.011,53.73125511424875
JVASP-78282,0.0,13.090956862146088
JVASP-37968,116.1,65.67807648592814
JVASP-43164,56.436,42.481208986014806
JVASP-78521,138.442,123.52050692118596
JVASP-37018,50.745,98.92542290053505
JVASP-48973,141.273,97.57045917066355
JVASP-35485,41.922,63.495765089838486
JVASP-51363,66.006,78.56606705847719
JVASP-16020,62.451,52.364086910643515
JVASP-78388,0.0,79.67286634204612
JVASP-40537,3.272,54.725476677726
JVASP-35535,62.327,96.87514038685585
JVASP-77052,23.961,57.693432430188864
JVASP-39332,36.035,72.46536687610119
JVASP-3825,36.927,82.72022407310143
JVASP-49841,132.266,127.63028534104295
JVASP-36497,142.046,129.2157649941492
JVASP-51350,142.553,96.78125633445161
JVASP-35454,23.562,73.1327723885587
JVASP-19947,16.989,33.14272812452904
JVASP-16257,61.795,62.987409697442146
JVASP-35453,19.391,102.93292356941348
JVASP-78562,0.0,1.94466624837597
JVASP-18657,86.036,43.87745392234938
JVASP-16519,126.483,39.73984687426904
JVASP-28487,178.87,160.6420578416689
JVASP-15043,0.002,18.099659325527686
JVASP-62970,62.045,43.82411711928077
JVASP-34995,197.009,110.5858007475097
JVASP-9159,82.563,107.86706465325271
JVASP-32189,21.295,100.83769971582555
JVASP-57153,43.409,86.82828681418806
JVASP-20580,18.144,37.408561080560546
JVASP-3603,61.315,78.27851750808486
JVASP-39122,0.271,3.812751232886359
JVASP-85034,60.267,113.8161775005931
JVASP-39254,65.329,78.42315769534332
JVASP-18702,5.513,22.818532101827177
JVASP-69,72.489,82.82998375494846
JVASP-79634,43.772,68.67383191921772
JVASP-8126,32.975,62.833989147760555
JVASP-20557,50.757,60.29739266920563
JVASP-15608,31.298,34.45743346390415
JVASP-8268,33.482,35.23161682713907
JVASP-25163,0.123,3.184967304502911
JVASP-79515,0.022,41.033496030074794
JVASP-39282,163.83,84.43702697815304
JVASP-3192,125.872,92.16054080646418
JVASP-14510,54.237,44.700057095363114
JVASP-66727,81.553,111.97308538530264
JVASP-16926,82.776,59.429725389288244
JVASP-19946,30.975,63.24131148082337
JVASP-79277,8.521,29.788207160430872
JVASP-1864,39.727,57.69244044701294
JVASP-19613,43.716,21.59358610457809
JVASP-67029,21.763,31.364118776244727
JVASP-36638,115.408,80.45558462084568
JVASP-15278,79.687,73.2636544128722
JVASP-35152,64.89,16.98648055536303
JVASP-18025,0.0,8.459690010165174
JVASP-14846,0.515,-4.150024231255234
JVASP-78468,108.151,49.047155562795226
JVASP-11999,184.079,85.61326195628139
JVASP-9412,31.813,43.35769071898441
JVASP-29281,146.014,84.49587678774431
JVASP-65778,84.875,88.63640882985459
JVASP-41340,138.416,102.95411104140979
JVASP-8102,174.013,100.39204067345948
JVASP-57480,50.605,51.7978416970361
JVASP-18696,129.716,98.33610814197935
JVASP-36034,0.0,0.890041112900967
JVASP-20614,0.007,-4.888084735856133
JVASP-25588,119.001,113.20854700775911
JVASP-39090,140.409,79.38157980162929
JVASP-67120,24.071,24.93005931737368
JVASP-79223,2.973,26.81081036369324
JVASP-39023,94.474,63.68605427469173
JVASP-15734,11.885,28.071734025658934
JVASP-36392,0.0,4.654555941477364
JVASP-67056,163.199,100.2976932169967
JVASP-67791,6.919,10.40009401537013
JVASP-17663,0.0,6.443574426728351
JVASP-51421,130.422,65.44141394199639
JVASP-40246,167.863,73.61614740694613
JVASP-69266,180.219,105.85503010058248
JVASP-44744,24.7,46.47970011993703
JVASP-67312,45.869,54.09799634340068
JVASP-1372,0.0,2.5078613173118582
JVASP-36379,30.681,38.73043519870986
JVASP-10253,132.464,117.53778632519213
JVASP-35790,0.0,0.221044270811442
JVASP-12058,12.602,50.016790958886745
JVASP-39187,49.879,81.27455006891307
JVASP-56776,0.0,59.37579757598485
JVASP-8590,0.0,3.773492735685396
JVASP-5524,192.195,170.73966911224352
JVASP-15800,11.735,43.6184114056801
JVASP-35542,46.808,48.075655516063186
JVASP-14641,0.0,2.599470605852595
JVASP-15389,17.138,45.15425931905267
JVASP-65410,171.522,123.59304883247334
JVASP-35682,15.765,27.10146568028993
JVASP-79620,29.774,51.283432149866975
JVASP-35003,72.155,60.8235820529675
JVASP-19774,119.814,95.54657736903603
JVASP-1300,0.004,-1.6246556039157583
JVASP-43126,90.181,61.789947776376756
JVASP-58343,60.609,50.20563680500509
JVASP-15932,101.322,49.93118032468617
JVASP-28396,59.263,125.68795970401503
JVASP-18275,21.079,47.05657758596806
JVASP-39536,32.195,26.251637016779185
JVASP-7870,0.0,17.07222956716676
JVASP-18252,77.384,94.1579736981116
JVASP-69346,18.718,38.459253929770064
JVASP-39268,39.172,24.34180716255792
JVASP-17243,18.331,35.7888057927302
JVASP-35688,8.955,20.681571183680337
JVASP-16038,29.777,53.57714747201382
JVASP-78813,128.635,76.85824951185369
JVASP-23437,65.264,117.73775102326954
JVASP-79039,8.789,27.980096057823552
JVASP-14550,0.0,-0.13449698851932512
JVASP-67749,146.735,93.88013801713105
JVASP-37066,87.074,39.725133950003645
JVASP-19822,55.833,81.36873937312787
JVASP-1180,9.409,65.95691430509804
JVASP-78576,14.54,13.029958840249877
JVASP-35180,38.788,49.99367834501368
JVASP-50193,80.964,43.072599895893006
JVASP-35820,31.898,54.076576029172394
JVASP-67440,115.117,104.3762440961259
JVASP-80770,74.246,89.89523619176137
JVASP-78378,0.0,-2.8507211419702765
JVASP-78274,103.71,53.160244972332585
JVASP-78321,11.014,10.656600775751519
JVASP-18418,16.736,21.772915625604313
JVASP-8235,50.83,50.365675655517606
JVASP-17511,21.079,63.00093658730432
JVASP-42144,55.373,105.86930269363003
JVASP-66732,29.25,58.03522702210502
JVASP-18848,84.536,114.72053730535985
JVASP-18198,108.022,101.26948191061972
JVASP-62304,58.022,57.93551885987606
JVASP-25353,0.02,7.80137157426882
JVASP-50027,19.913,47.3880442216282
JVASP-56189,15.461,54.10945823093146
JVASP-19937,158.367,76.6297700247807
JVASP-39126,45.228,43.51808923058686
JVASP-23900,80.326,83.3517838962355
JVASP-47027,35.107,46.337118128079204
JVASP-14791,0.0,1.2778378329025317
JVASP-18001,134.076,110.50624050740126
JVASP-15887,9.542,24.766068537813418
JVASP-25259,126.96,39.70610678185444
JVASP-54897,0.136,63.145298564544845
JVASP-39379,68.889,70.25905830715544
JVASP-18067,196.722,53.45279547676605
JVASP-81346,112.962,113.61153167398062
JVASP-14835,62.227,47.63585314756337
JVASP-51901,83.519,76.82545432206592
JVASP-4696,45.506,45.10406826284235
JVASP-38238,9.7,53.30717662239453
JVASP-11117,70.871,113.86865555637563
JVASP-37136,46.635,83.43327742915706
JVASP-48583,68.769,71.96739823249638
JVASP-40957,84.703,75.44416355358906
JVASP-40306,120.795,102.1720647748803
JVASP-49871,144.207,125.08698957298155
JVASP-8173,5.306,42.114006621992225
JVASP-65741,145.42,109.26920151070725
JVASP-35911,35.77,68.03975790407291
JVASP-18695,161.211,129.49356392311802
JVASP-55020,36.966,62.69040770474006
JVASP-37648,62.341,84.53196888564311
JVASP-583,73.801,94.0717976210152
JVASP-7877,65.678,88.97070023054651
JVASP-65426,195.619,127.12862763354205
JVASP-3621,93.914,111.92546354053141
JVASP-15605,32.559,47.01163488399628
JVASP-36950,36.488,63.51532476203365
JVASP-14881,0.0,49.584274907772354
JVASP-3288,157.944,114.56721807157408
JVASP-67597,89.335,85.02456307151277
JVASP-56331,120.809,57.37367176692954
JVASP-14161,139.983,113.66211989842868
JVASP-18887,94.603,72.81239005293465
JVASP-66708,27.351,43.47071942513774
JVASP-80945,65.4,63.60387057608014
JVASP-44986,66.467,72.03436381285744
JVASP-62568,36.199,36.386455724632846
JVASP-35034,34.536,116.19205302347795
JVASP-4729,113.3,38.477811055848164
JVASP-1933,25.082,80.97920339363043
JVASP-15112,44.943,73.12897013372931
JVASP-21918,32.526,64.42994462389332
JVASP-78448,0.0,8.196609919623848
JVASP-36775,107.296,61.54853511690455
JVASP-77184,43.234,47.43799961021781
JVASP-15270,7.574,49.31370216134308
JVASP-15993,12.433,88.76712403406023
JVASP-69219,80.778,89.40970894782187
JVASP-78799,1.648,37.40338759879001
JVASP-78441,0.0,41.62984691020525
JVASP-4489,171.795,135.39265271426834
JVASP-16903,59.663,55.396057036988644
JVASP-80518,0.936,23.188562410825458
JVASP-63055,61.807,97.13400770964215
JVASP-67163,175.29,68.84033437955347
JVASP-8189,75.639,86.89345995749338
JVASP-9718,164.411,120.45518333833701
JVASP-67589,23.043,43.29359522821033
JVASP-8063,38.348,42.863949168948075
JVASP-65538,175.404,85.16023569105317
