jid,element,wyckoff_letter,orbit_size,benchmark_target,representative_cart_max,full_cell_cart_max,cartesian_discrepancy,max_eigenvalue_difference_in_orbit,eigenvalues_invariant,explanation
JVASP-2346,S,g,4,49.519,49.519,77.376,27.857000000000006,0.0010678716155876344,False,Symmetry-equivalent sites are rotated in Cartesian frame; eigenvalues are identical but Cartesian max depends on site choice
JVASP-19751,Ni,b,3,25.935,24.11,39.624,13.689000000000004,0.0022243160526578265,False,Symmetry-equivalent sites are rotated in Cartesian frame; eigenvalues are identical but Cartesian max depends on site choice
JVASP-16104,Cr,k,6,15.861,15.861,18.315,2.4540000000000006,0.004517194468180996,False,Symmetry-equivalent sites are rotated in Cartesian frame; eigenvalues are identical but Cartesian max depends on site choice
JVASP-18509,Ag,c,2,67.0,67.0,82.831,15.831000000000003,0.0017073764242354628,False,Symmetry-equivalent sites are rotated in Cartesian frame; eigenvalues are identical but Cartesian max depends on site choice
JVASP-18255,Se,i,4,104.973,76.704,112.698,7.724999999999994,0.0008168711839289244,True,Symmetry-equivalent sites are rotated in Cartesian frame; eigenvalues are identical but Cartesian max depends on site choice
JVASP-35221,S,i,4,71.482,59.406,87.287,15.805000000000007,0.0008277829454357288,True,Symmetry-equivalent sites are rotated in Cartesian frame; eigenvalues are identical but Cartesian max depends on site choice
JVASP-22446,F,f,6,113.392,113.392,134.675,21.283000000000015,0.00045525839102822374,True,Symmetry-equivalent sites are rotated in Cartesian frame; eigenvalues are identical but Cartesian max depends on site choice
JVASP-2550,S,i,4,75.63,75.62966666666667,127.081,51.45100000000001,0.0005684671667172125,True,Symmetry-equivalent sites are rotated in Cartesian frame; eigenvalues are identical but Cartesian max depends on site choice
JVASP-36954,Br,b,6,102.583,93.863,128.734,26.15100000000001,0.0005953020945810295,True,Symmetry-equivalent sites are rotated in Cartesian frame; eigenvalues are identical but Cartesian max depends on site choice
JVASP-36061,Sm,i,2,65.245,65.245,65.252,0.006999999999990791,0.012999939846807251,False,Symmetry-equivalent sites are rotated in Cartesian frame; eigenvalues are identical but Cartesian max depends on site choice
JVASP-24414,F,f,6,77.196,71.902,93.483,16.287000000000006,0.0014785651585214055,False,Symmetry-equivalent sites are rotated in Cartesian frame; eigenvalues are identical but Cartesian max depends on site choice
JVASP-21536,O,g,4,113.7,73.267,128.01666666666665,14.316666666666649,0.00037597795751764806,True,Symmetry-equivalent sites are rotated in Cartesian frame; eigenvalues are identical but Cartesian max depends on site choice
JVASP-17289,Y,f,3,49.365,49.365,66.055,16.690000000000005,0.001344065836448749,False,Symmetry-equivalent sites are rotated in Cartesian frame; eigenvalues are identical but Cartesian max depends on site choice
JVASP-20495,Si,e,4,23.781,23.781,24.005,0.2240000000000002,0.00022109800139524793,True,Symmetry-equivalent sites are rotated in Cartesian frame; eigenvalues are identical but Cartesian max depends on site choice
JVASP-34263,O,k,4,99.435,99.435,134.509,35.073999999999984,0.0010580636103156849,False,Symmetry-equivalent sites are rotated in Cartesian frame; eigenvalues are identical but Cartesian max depends on site choice
JVASP-35956,N,i,2,56.3,56.300333333333334,56.301,0.0010000000000047748,0.0011089599384916937,False,Symmetry-equivalent sites are rotated in Cartesian frame; eigenvalues are identical but Cartesian max depends on site choice
JVASP-2718,F,h,6,85.147,85.147,95.873,10.725999999999999,0.0006355566138722679,True,Symmetry-equivalent sites are rotated in Cartesian frame; eigenvalues are identical but Cartesian max depends on site choice
JVASP-2865,Ca,c,2,58.792,58.792,59.351,0.5589999999999975,0.00024271423997035413,True,Symmetry-equivalent sites are rotated in Cartesian frame; eigenvalues are identical but Cartesian max depends on site choice
JVASP-18675,Hf,h,4,90.856,90.856,125.56633333333333,34.71033333333334,0.009454963276439798,False,Symmetry-equivalent sites are rotated in Cartesian frame; eigenvalues are identical but Cartesian max depends on site choice
JVASP-17699,Te,h,4,173.942,173.942,182.639,8.697000000000003,0.0011353738413006909,False,Symmetry-equivalent sites are rotated in Cartesian frame; eigenvalues are identical but Cartesian max depends on site choice
JVASP-18655,Cd,h,6,45.632,45.632,53.29266666666667,7.660666666666671,0.000945441020355986,True,Symmetry-equivalent sites are rotated in Cartesian frame; eigenvalues are identical but Cartesian max depends on site choice
JVASP-25385,Nd,c,2,29.909,29.909,29.910333333333334,0.0013333333333349628,0.0013566776980624695,False,Symmetry-equivalent sites are rotated in Cartesian frame; eigenvalues are identical but Cartesian max depends on site choice
JVASP-13916,Cl,j,4,71.12,71.12,93.117,21.997,0.0005296209326104417,True,Symmetry-equivalent sites are rotated in Cartesian frame; eigenvalues are identical but Cartesian max depends on site choice
JVASP-34241,O,b,3,174.546,166.63866666666667,181.276,6.730000000000018,0.0055423138235255465,False,Symmetry-equivalent sites are rotated in Cartesian frame; eigenvalues are identical but Cartesian max depends on site choice
JVASP-16909,O,c,3,9.892,9.892333333333333,9.894,0.002000000000000668,0.0016666666666669272,False,Symmetry-equivalent sites are rotated in Cartesian frame; eigenvalues are identical but Cartesian max depends on site choice
JVASP-18175,V,h,6,15.175,15.175,22.028,6.852999999999998,0.0009999999999994458,True,Symmetry-equivalent sites are rotated in Cartesian frame; eigenvalues are identical but Cartesian max depends on site choice
JVASP-17432,Se,i,4,179.982,135.988,184.852,4.8700000000000045,0.0008400946669553377,True,Symmetry-equivalent sites are rotated in Cartesian frame; eigenvalues are identical but Cartesian max depends on site choice
JVASP-24947,F,h,4,57.392,57.392,68.122,10.729999999999997,0.0012786059386229454,False,Symmetry-equivalent sites are rotated in Cartesian frame; eigenvalues are identical but Cartesian max depends on site choice
JVASP-33894,O,c,2,118.006,118.006,195.21966666666665,77.21366666666665,0.000939785540886362,True,Symmetry-equivalent sites are rotated in Cartesian frame; eigenvalues are identical but Cartesian max depends on site choice
JVASP-3243,Ca,c,2,46.58,46.58,46.94633333333333,0.36633333333332985,0.0007953684266084338,True,Symmetry-equivalent sites are rotated in Cartesian frame; eigenvalues are identical but Cartesian max depends on site choice
JVASP-36766,Au,b,2,197.013,197.013,235.743,38.72999999999999,0.00022384345895432034,True,Symmetry-equivalent sites are rotated in Cartesian frame; eigenvalues are identical but Cartesian max depends on site choice
JVASP-17670,Mn,h,4,10.651,10.651,12.616,1.9649999999999999,0.004248430011708493,False,Symmetry-equivalent sites are rotated in Cartesian frame; eigenvalues are identical but Cartesian max depends on site choice
JVASP-26527,F,h,6,56.872,56.872,65.786,8.914000000000001,0.0011341247617338013,False,Symmetry-equivalent sites are rotated in Cartesian frame; eigenvalues are identical but Cartesian max depends on site choice
JVASP-39200,Lu,h,6,31.996,31.996,38.767,6.771000000000004,0.007099137856357629,False,Symmetry-equivalent sites are rotated in Cartesian frame; eigenvalues are identical but Cartesian max depends on site choice
JVASP-22596,F,f,6,118.984,105.753,125.866,6.882000000000005,0.000967063989946837,True,Symmetry-equivalent sites are rotated in Cartesian frame; eigenvalues are identical but Cartesian max depends on site choice
JVASP-30883,Ga,b,4,56.867,52.508,60.947,4.080000000000005,0.0007061823903029563,True,Symmetry-equivalent sites are rotated in Cartesian frame; eigenvalues are identical but Cartesian max depends on site choice
JVASP-35945,O,c,3,19.864,19.864,22.938,3.073999999999998,0.0008546839576268894,True,Symmetry-equivalent sites are rotated in Cartesian frame; eigenvalues are identical but Cartesian max depends on site choice
JVASP-36078,Hf,h,6,74.848,74.848,91.074,16.226,0.009397112333743962,False,Symmetry-equivalent sites are rotated in Cartesian frame; eigenvalues are identical but Cartesian max depends on site choice
JVASP-24872,F,c,2,49.496,49.49633333333333,50.215333333333334,0.7193333333333314,0.00049921920660978,True,Symmetry-equivalent sites are rotated in Cartesian frame; eigenvalues are identical but Cartesian max depends on site choice
JVASP-21982,F,h,6,97.904,97.904,109.546,11.64200000000001,0.0008078309907517678,True,Symmetry-equivalent sites are rotated in Cartesian frame; eigenvalues are identical but Cartesian max depends on site choice
JVASP-3654,Cl,f,6,31.452,31.452,37.782,6.329999999999995,0.00043353602633544597,True,Symmetry-equivalent sites are rotated in Cartesian frame; eigenvalues are identical but Cartesian max depends on site choice
JVASP-16057,Pr,f,3,102.349,102.349,141.335,38.986000000000004,0.002165943322751218,False,Symmetry-equivalent sites are rotated in Cartesian frame; eigenvalues are identical but Cartesian max depends on site choice
JVASP-2448,Se,d,4,138.705,122.051,151.942,13.236999999999995,0.0013638058207448012,False,Symmetry-equivalent sites are rotated in Cartesian frame; eigenvalues are identical but Cartesian max depends on site choice
JVASP-16653,S,b,2,54.225,54.225,57.477,3.2519999999999953,0.0009963965492119087,True,Symmetry-equivalent sites are rotated in Cartesian frame; eigenvalues are identical but Cartesian max depends on site choice
JVASP-36913,Cl,b,6,17.704,17.704,22.56,4.855999999999998,0.0008791334870554834,True,Symmetry-equivalent sites are rotated in Cartesian frame; eigenvalues are identical but Cartesian max depends on site choice
JVASP-3207,S,d,4,92.595,76.98666666666666,95.874,3.2789999999999964,0.0007967748631472205,True,Symmetry-equivalent sites are rotated in Cartesian frame; eigenvalues are identical but Cartesian max depends on site choice
JVASP-30306,O,f,6,94.434,94.434,110.02733333333333,15.593333333333334,0.0012437155697142543,False,Symmetry-equivalent sites are rotated in Cartesian frame; eigenvalues are identical but Cartesian max depends on site choice
JVASP-26352,O,f,6,74.057,74.057,87.841,13.783999999999992,0.002541689385039625,False,Symmetry-equivalent sites are rotated in Cartesian frame; eigenvalues are identical but Cartesian max depends on site choice
JVASP-17345,O,c,3,106.665,106.665,106.68266666666668,0.017666666666670494,0.017666666666670494,False,Symmetry-equivalent sites are rotated in Cartesian frame; eigenvalues are identical but Cartesian max depends on site choice
JVASP-18669,Sc,h,4,30.196,30.196,30.392,0.19599999999999795,0.0013943941116778547,False,Symmetry-equivalent sites are rotated in Cartesian frame; eigenvalues are identical but Cartesian max depends on site choice
JVASP-29370,Cl,c,2,49.58,49.58,49.582,0.0020000000000024443,0.002225530776108542,False,Symmetry-equivalent sites are rotated in Cartesian frame; eigenvalues are identical but Cartesian max depends on site choice
JVASP-31167,F,f,6,82.514,82.514,88.023,5.509,0.0007720596003935043,True,Symmetry-equivalent sites are rotated in Cartesian frame; eigenvalues are identical but Cartesian max depends on site choice
JVASP-3417,F,h,6,102.589,102.589,109.795,7.206000000000003,0.0006821742595093383,True,Symmetry-equivalent sites are rotated in Cartesian frame; eigenvalues are identical but Cartesian max depends on site choice
JVASP-17466,O,c,2,98.59,98.59033333333333,99.87633333333333,1.2863333333333316,0.00035242341138541633,True,Symmetry-equivalent sites are rotated in Cartesian frame; eigenvalues are identical but Cartesian max depends on site choice
JVASP-17935,Ti,h,6,18.011,18.011,24.286,6.275000000000002,0.0012664520013636604,False,Symmetry-equivalent sites are rotated in Cartesian frame; eigenvalues are identical but Cartesian max depends on site choice
JVASP-14755,Ta,d,3,46.796,46.796,62.452,15.655999999999999,0.0043918008477916715,False,Symmetry-equivalent sites are rotated in Cartesian frame; eigenvalues are identical but Cartesian max depends on site choice
JVASP-36949,F,f,6,43.27,33.812,51.633,8.363,0.0017573051933013062,False,Symmetry-equivalent sites are rotated in Cartesian frame; eigenvalues are identical but Cartesian max depends on site choice
JVASP-20569,Ga,e,4,18.84,18.84,18.999,0.15899999999999892,0.000265748582886971,True,Symmetry-equivalent sites are rotated in Cartesian frame; eigenvalues are identical but Cartesian max depends on site choice
JVASP-29380,Y,c,2,15.972,15.972,15.973333333333334,0.0013333333333349628,0.0016111779404219817,False,Symmetry-equivalent sites are rotated in Cartesian frame; eigenvalues are identical but Cartesian max depends on site choice
JVASP-20901,O,g,4,69.328,69.328,118.25733333333334,48.92933333333333,0.0010295902402077672,False,Symmetry-equivalent sites are rotated in Cartesian frame; eigenvalues are identical but Cartesian max depends on site choice
JVASP-36842,O,f,4,88.435,88.435,129.001,40.566,0.0007993665831094177,True,Symmetry-equivalent sites are rotated in Cartesian frame; eigenvalues are identical but Cartesian max depends on site choice
JVASP-17364,Hf,g,3,74.892,74.892,95.969,21.076999999999998,0.0023745453162433705,False,Symmetry-equivalent sites are rotated in Cartesian frame; eigenvalues are identical but Cartesian max depends on site choice
JVASP-5602,Cl,i,6,57.261,57.261,83.042,25.781,0.0004806467931359748,True,Symmetry-equivalent sites are rotated in Cartesian frame; eigenvalues are identical but Cartesian max depends on site choice
JVASP-32188,O,f,8,129.322,105.227,147.513,18.191000000000003,0.0014483581135777968,False,Symmetry-equivalent sites are rotated in Cartesian frame; eigenvalues are identical but Cartesian max depends on site choice
JVASP-18350,Br,f,6,189.103,189.103,289.4866666666667,100.38366666666667,0.0008988383551695733,True,Symmetry-equivalent sites are rotated in Cartesian frame; eigenvalues are identical but Cartesian max depends on site choice
JVASP-3117,N,d,4,30.767,30.767,58.427,27.66,0.000975333570018222,True,Symmetry-equivalent sites are rotated in Cartesian frame; eigenvalues are identical but Cartesian max depends on site choice
JVASP-4597,F,g,3,62.291,62.29066666666667,83.20066666666666,20.909666666666666,0.0019081242272562804,False,Symmetry-equivalent sites are rotated in Cartesian frame; eigenvalues are identical but Cartesian max depends on site choice
JVASP-13966,O,h,6,50.909,50.909,77.39833333333333,26.489333333333327,0.0005250526708948655,True,Symmetry-equivalent sites are rotated in Cartesian frame; eigenvalues are identical but Cartesian max depends on site choice
JVASP-3246,Te,g,4,183.302,140.613,202.05566666666667,18.753666666666675,0.0005452029231847177,True,Symmetry-equivalent sites are rotated in Cartesian frame; eigenvalues are identical but Cartesian max depends on site choice
JVASP-16139,Nb,a,2,11.597,11.597,11.79,0.19299999999999962,0.0023920105300838657,False,Symmetry-equivalent sites are rotated in Cartesian frame; eigenvalues are identical but Cartesian max depends on site choice
JVASP-28364,Cr,c,2,34.044,34.044,41.088,7.044000000000004,0.002999096369123322,False,Symmetry-equivalent sites are rotated in Cartesian frame; eigenvalues are identical but Cartesian max depends on site choice
JVASP-17942,Ge,g,3,40.984,40.984,57.426,16.442,0.002920621513652577,False,Symmetry-equivalent sites are rotated in Cartesian frame; eigenvalues are identical but Cartesian max depends on site choice
JVASP-4627,Pt,e,3,158.083,158.083,185.05733333333333,26.974333333333334,0.0011597649615566752,False,Symmetry-equivalent sites are rotated in Cartesian frame; eigenvalues are identical but Cartesian max depends on site choice
JVASP-2712,F,f,6,84.033,84.033,97.646,13.613,0.0009749868744961532,True,Symmetry-equivalent sites are rotated in Cartesian frame; eigenvalues are identical but Cartesian max depends on site choice
JVASP-22585,F,e,6,85.233,85.233,110.791,25.557999999999993,0.0008840691307412385,True,Symmetry-equivalent sites are rotated in Cartesian frame; eigenvalues are identical but Cartesian max depends on site choice
JVASP-137,S,j,4,91.49,91.49,117.699,26.209000000000003,0.0006450724500233207,True,Symmetry-equivalent sites are rotated in Cartesian frame; eigenvalues are identical but Cartesian max depends on site choice
JVASP-18507,P,j,4,48.728,48.728,52.242,3.513999999999996,0.001049404772146545,False,Symmetry-equivalent sites are rotated in Cartesian frame; eigenvalues are identical but Cartesian max depends on site choice
JVASP-36963,O,f,6,37.04,28.468,42.636,5.596000000000004,0.0014914585478678077,False,Symmetry-equivalent sites are rotated in Cartesian frame; eigenvalues are identical but Cartesian max depends on site choice
JVASP-14243,Hg,i,6,26.544,26.544,34.727666666666664,8.183666666666664,0.0011950253795198762,False,Symmetry-equivalent sites are rotated in Cartesian frame; eigenvalues are identical but Cartesian max depends on site choice
JVASP-5389,S,f,6,189.721,189.721,202.745,13.024000000000001,0.0005288093972026786,True,Symmetry-equivalent sites are rotated in Cartesian frame; eigenvalues are identical but Cartesian max depends on site choice
JVASP-25255,Si,f,6,10.144,10.144333333333334,13.06,2.9160000000000004,0.0003607770823181866,True,Symmetry-equivalent sites are rotated in Cartesian frame; eigenvalues are identical but Cartesian max depends on site choice
JVASP-5266,I,l,8,68.181,49.43,88.91033333333333,20.72933333333333,0.00042983207486457786,True,Symmetry-equivalent sites are rotated in Cartesian frame; eigenvalues are identical but Cartesian max depends on site choice
JVASP-3342,Te,g,4,156.444,113.687,195.99,39.54600000000002,0.0012584632477512514,False,Symmetry-equivalent sites are rotated in Cartesian frame; eigenvalues are identical but Cartesian max depends on site choice
JVASP-2256,As,d,4,86.151,81.312,114.774,28.623000000000005,0.0008780096845271146,True,Symmetry-equivalent sites are rotated in Cartesian frame; eigenvalues are identical but Cartesian max depends on site choice
JVASP-2796,F,h,6,108.904,108.904,119.684,10.780000000000001,0.0008616193159696195,True,Symmetry-equivalent sites are rotated in Cartesian frame; eigenvalues are identical but Cartesian max depends on site choice
JVASP-31013,F,c,2,35.704,35.70366666666666,36.113,0.4089999999999989,0.0001464093035821179,True,Symmetry-equivalent sites are rotated in Cartesian frame; eigenvalues are identical but Cartesian max depends on site choice
JVASP-17268,F,e,6,118.739,118.739,150.857,32.117999999999995,0.0005834002923634785,True,Symmetry-equivalent sites are rotated in Cartesian frame; eigenvalues are identical but Cartesian max depends on site choice
JVASP-17975,Ge,h,4,52.134,52.134,55.939,3.8049999999999997,0.0012950377322624718,False,Symmetry-equivalent sites are rotated in Cartesian frame; eigenvalues are identical but Cartesian max depends on site choice
JVASP-5536,O,h,8,81.798,81.798,87.424,5.626000000000005,0.00045336842862298,True,Symmetry-equivalent sites are rotated in Cartesian frame; eigenvalues are identical but Cartesian max depends on site choice
JVASP-4564,O,g,4,64.868,64.868,93.043,28.17500000000001,0.0016537835571028836,False,Symmetry-equivalent sites are rotated in Cartesian frame; eigenvalues are identical but Cartesian max depends on site choice
JVASP-3441,Se,g,4,145.24,124.637,170.134,24.893999999999977,0.0006348978898813584,True,Symmetry-equivalent sites are rotated in Cartesian frame; eigenvalues are identical but Cartesian max depends on site choice
JVASP-24273,F,h,6,56.371,56.371,65.288,8.916999999999994,0.0006497457294045716,True,Symmetry-equivalent sites are rotated in Cartesian frame; eigenvalues are identical but Cartesian max depends on site choice
JVASP-29234,Mo,d,3,74.049,74.049,78.684,4.634999999999991,0.004037527756707959,False,Symmetry-equivalent sites are rotated in Cartesian frame; eigenvalues are identical but Cartesian max depends on site choice
JVASP-5425,Cl,h,4,177.789,177.789,191.332,13.543000000000006,0.000726178310060277,True,Symmetry-equivalent sites are rotated in Cartesian frame; eigenvalues are identical but Cartesian max depends on site choice
JVASP-18719,Hg,h,6,132.995,132.995,163.26666666666668,30.271666666666675,0.0005485765325943248,True,Symmetry-equivalent sites are rotated in Cartesian frame; eigenvalues are identical but Cartesian max depends on site choice
JVASP-4310,Fe,g,6,42.894,42.89366666666667,44.95,2.0560000000000045,0.0035676009379130846,False,Symmetry-equivalent sites are rotated in Cartesian frame; eigenvalues are identical but Cartesian max depends on site choice
